Nodes ,,,,,,,
Index,XCoord(ft),YCoord(ft),Constraint,XForce(kip),YForce(kip),BeamIdxs,
0,-68.78114781,10,pin,0,-2.713,0;8,
1,-26.78114781,10,roller_no_ydisp,0,-2.713,7;15,
2,-47.78114781,18,,0,-4.367,11;12;16,
3,-47.78114781,10,,0,0,3;4;16;21;23,
4,-53.03114781,10,,0,0,2;3;17;22,
5,-53.03114781,16,,0,-4.022,10;11;17;21,
6,-58.28114781,10,,0,0,1;2;18;27,
7,-58.28114781,14,,0,-4.022,9;10;18;22,
8,-42.53114781,10,,0,0,4;5;19;24,
9,-42.53114781,16,,0,-4.022,12;13;19;23,
10,-37.28114781,10,,0,0,5;6;20;28,
11,-37.28114781,14,,0,-4.022,13;14;20;24,
12,-63.53114781,10,,0,0,0;1;25,
13,-63.53114781,12,,0,-4.022,8;9;25;27,
14,-32.03114781,10,,0,0,6;7;26,
15,-32.03114781,12,,0,-4.022,14;15;26;28,
Beams,,,,,,,
Index,Start Node,End Node,Section Type,Material,Sdir,Tdir,Udir
0,0,12,W Shapes:W12X16,Steel,,,
1,12,6,W Shapes:W12X16,Steel,,,
2,6,4,W Shapes:W12X16,Steel,,,
3,4,3,W Shapes:W12X16,Steel,,,
4,3,8,W Shapes:W12X16,Steel,,,
5,8,10,W Shapes:W12X16,Steel,,,
6,10,14,W Shapes:W12X16,Steel,,,
7,14,1,W Shapes:W12X16,Steel,,,
8,0,13,W Shapes:W12X16,Steel,,,
9,13,7,W Shapes:W12X16,Steel,,,
10,7,5,W Shapes:W12X16,Steel,,,
11,5,2,W Shapes:W12X16,Steel,,,
12,2,9,W Shapes:W12X16,Steel,,,
13,9,11,W Shapes:W12X16,Steel,,,
14,11,15,W Shapes:W12X16,Steel,,,
15,15,1,W Shapes:W12X16,Steel,,,
16,3,2,W Shapes:W12X16,Steel,,,
17,4,5,W Shapes:W12X16,Steel,,,
18,6,7,W Shapes:W12X16,Steel,,,
19,8,9,W Shapes:W12X16,Steel,,,
20,10,11,W Shapes:W12X16,Steel,,,
21,5,3,W Shapes:W12X16,Steel,,,
22,7,4,W Shapes:W12X16,Steel,,,
23,3,9,W Shapes:W12X16,Steel,,,
24,8,11,W Shapes:W12X16,Steel,,,
25,12,13,W Shapes:W12X16,Steel ASTM A992,,,
26,14,15,W Shapes:W12X16,Steel ASTM A992,,,
27,13,6,W Shapes:W12X16,Steel ASTM A992,,,
28,10,15,W Shapes:W12X16,Steel ASTM A992,,,
